Model,Accuracy,Macro-F1,Top-5 Error Rate,Runtime
Transfer Learning MobileNetV2,0.7868,0.7809936575973928,0.012599999999999945,294.8096978664398
