Model,Accuracy,Macro-F1,Top-5 Error Rate
MLP,0.3241,0.30178366466281126,0.16890000000000005
CNN,0.5775,0.5746983536070671,0.04200000000000004
