Algorithm,Stability ARI Mean,Stability ARI Std
K-Means,0.7730829850376828,0.0712397566775518
GMM,0.39245036660864396,0.09868133638937683
DBSCAN,0.8053759597382961,0.02398562770313829
Agglomerative,0.7205513491206281,0.09063642636814546
